,Accuracy,F1 Score,Theil Index,False Positive Rate - Unprivileged,False Positive Rate - Privileged,False Negative Rate - Unprivileged,False Negative Rate - Privileged,Accuracy - Unprivileged,Accuracy - Privileged,False Discovery Rate - Unprivileged,False Discovery Rate - Privileged,False Omission Rate - Unprivileged,False Omission Rate - Privileged,Num True Pos,Num True Neg,Num False Pos,Num False Neg,Num True Pos - Privileged,Num True Neg - Privileged,Num False Pos - Privileged,Num False Neg - Privileged,Num True Pos - Unprivileged,Num True Neg - Unprivileged,Num False Pos - Unprivileged,Num False Neg - Unprivileged,F1 Score - Privileged,F1 Score - Unprivileged,Privileged base Rate,Unprivileged base Rate,Consistency
OP - 3,0.6635,0.6921,0.2057,0.3468,0.5292,0.3265,0.2145,0.6625,0.6651,0.3789,0.2947,0.2967,0.4235,599.0,452.0,307.0,226.0,304.0,113.0,127.0,83.0,295.0,339.0,180.0,143.0,0.7433,0.6462,0.6874,0.4963,0.9753
OP - 11,0.6679,0.6945,0.2322,0.3423,0.4,0.3004,0.317,0.6785,0.6517,0.3327,0.2618,0.3095,0.4659,598.0,460.0,260.0,266.0,265.0,141.0,94.0,123.0,333.0,319.0,166.0,143.0,0.7095,0.6831,0.5762,0.5193,0.9785
OP - 17,0.666,0.6944,0.2054,0.3439,0.5139,0.2993,0.242,0.6771,0.6491,0.3551,0.3116,0.2891,0.4272,601.0,454.0,303.0,226.0,285.0,122.0,129.0,91.0,316.0,332.0,174.0,135.0,0.7215,0.6716,0.6603,0.512,0.975
OP + EOP - 3,0.6294,0.6812,0.19,0.5067,0.525,0.2397,0.2403,0.6155,0.6507,0.4413,0.3,0.2909,0.4493,627.0,370.0,389.0,198.0,294.0,114.0,126.0,93.0,333.0,256.0,263.0,105.0,0.7286,0.6441,0.6699,0.6228,0.8644
OP + EOP - 11,0.6509,0.686,0.2306,0.4103,0.4,0.2878,0.317,0.6504,0.6517,0.3699,0.2618,0.3239,0.4659,604.0,427.0,293.0,260.0,265.0,141.0,94.0,123.0,339.0,286.0,199.0,137.0,0.7095,0.6686,0.5762,0.5598,0.8645
OP + EOP - 17,0.6509,0.6902,0.197,0.4328,0.49,0.2483,0.2633,0.6541,0.6459,0.3925,0.3075,0.2807,0.4361,616.0,415.0,342.0,211.0,277.0,128.0,123.0,99.0,339.0,287.0,219.0,112.0,0.7139,0.672,0.638,0.5831,0.9034
OP + CEOP - 3,0.6641,0.6963,0.1982,0.3468,0.5708,0.3265,0.186,0.6625,0.6667,0.3789,0.3031,0.2967,0.4114,610.0,442.0,317.0,215.0,315.0,103.0,137.0,72.0,295.0,339.0,180.0,143.0,0.7509,0.6462,0.7209,0.4963,0.9503
OP + CEOP - 11,0.6673,0.7001,0.2208,0.3423,0.4766,0.3004,0.2732,0.6785,0.6501,0.3327,0.2843,0.3095,0.4629,615.0,442.0,278.0,249.0,282.0,123.0,112.0,106.0,333.0,319.0,166.0,143.0,0.7212,0.6831,0.6324,0.5193,0.9489
OP + CEOP - 17,0.6591,0.6959,0.1948,0.3439,0.6255,0.2993,0.1968,0.6771,0.6316,0.3551,0.342,0.2891,0.4405,618.0,426.0,331.0,209.0,302.0,94.0,157.0,74.0,316.0,332.0,174.0,135.0,0.7234,0.6716,0.7321,0.512,0.9395
OP + ROC - 3,0.654,0.6719,0.2329,0.3661,0.3917,0.3059,0.3359,0.6614,0.6427,0.3846,0.2678,0.2894,0.471,561.0,475.0,284.0,264.0,257.0,146.0,94.0,130.0,304.0,329.0,190.0,134.0,0.6965,0.6524,0.5598,0.5162,0.9629
OP + ROC - 11,0.6679,0.697,0.2275,0.3732,0.366,0.271,0.3351,0.6774,0.6533,0.3428,0.25,0.2979,0.4659,605.0,453.0,267.0,259.0,258.0,149.0,86.0,130.0,347.0,304.0,181.0,129.0,0.7049,0.6912,0.5522,0.5494,0.9782
OP + ROC - 17,0.6616,0.6732,0.2393,0.33,0.3745,0.3171,0.3511,0.6761,0.6396,0.3516,0.2781,0.2967,0.4567,552.0,496.0,261.0,275.0,244.0,157.0,94.0,132.0,308.0,339.0,167.0,143.0,0.6835,0.6652,0.5391,0.4963,0.9699
OP + GFC - 3,0.4792,0.0,0.7357,0.0,0.0,1.0,1.0,0.5423,0.3828,0.0,0.0,0.4577,0.6172,0.0,759.0,0.0,825.0,0.0,240.0,0.0,387.0,0.0,519.0,0.0,438.0,0.0,0.0,0.0,0.0,1.0
OP + GFC - 11,0.6446,0.7279,0.1305,0.6,0.6851,0.1534,0.0979,0.6212,0.6806,0.4193,0.3151,0.2734,0.3393,753.0,268.0,452.0,111.0,350.0,74.0,161.0,38.0,403.0,194.0,291.0,73.0,0.7786,0.6889,0.8202,0.7222,0.9782
OP + GFC - 17,0.4779,0.0,0.7383,0.0,0.0,1.0,1.0,0.5287,0.4003,0.0,0.0,0.4713,0.5997,0.0,757.0,0.0,827.0,0.0,251.0,0.0,376.0,0.0,506.0,0.0,451.0,0.0,0.0,0.0,0.0,1.0
OP + GFC + EOP - 3,0.5088,0.5186,0.3544,0.5048,0.4583,0.5068,0.4755,0.4943,0.5311,0.5481,0.3514,0.4635,0.586,419.0,387.0,372.0,406.0,203.0,130.0,110.0,184.0,216.0,257.0,262.0,222.0,0.58,0.4716,0.4992,0.4995,0.5237
OP + GFC + EOP - 11,0.6395,0.7248,0.1314,0.6289,0.6553,0.1303,0.1289,0.6181,0.6726,0.4242,0.313,0.2562,0.3817,752.0,261.0,459.0,112.0,338.0,81.0,154.0,50.0,414.0,180.0,305.0,62.0,0.7682,0.6929,0.7897,0.7482,0.9408
OP + GFC + EOP - 17,0.4785,0.4895,0.3767,0.5356,0.494,0.541,0.4973,0.4619,0.504,0.5669,0.3962,0.5094,0.5955,396.0,362.0,395.0,431.0,189.0,127.0,124.0,187.0,207.0,235.0,271.0,244.0,0.5486,0.4456,0.4992,0.4995,0.5249
OP + GFC + CEOP - 3,0.5208,0.6849,0.0576,1.0,1.0,0.0,0.0,0.4577,0.6172,0.5423,0.3828,0.0,0.0,825.0,0.0,759.0,0.0,387.0,0.0,240.0,0.0,438.0,0.0,519.0,0.0,0.7633,0.628,1.0,1.0,1.0
OP + GFC + CEOP - 11,0.3554,0.1786,0.7036,0.4,0.3149,0.8466,0.9021,0.3788,0.3194,0.7266,0.6607,0.5807,0.6849,111.0,452.0,268.0,753.0,38.0,161.0,74.0,350.0,73.0,291.0,194.0,403.0,0.152,0.1965,0.1798,0.2778,0.9782
OP + GFC + CEOP - 17,0.5221,0.686,0.0577,1.0,1.0,0.0,0.0,0.4713,0.5997,0.5287,0.4003,0.0,0.0,827.0,0.0,757.0,0.0,376.0,0.0,251.0,0.0,451.0,0.0,506.0,0.0,0.7498,0.6406,1.0,1.0,1.0
OP + GFC + ROC - 3,0.5208,0.6849,0.0576,1.0,1.0,0.0,0.0,0.4577,0.6172,0.5423,0.3828,0.0,0.0,825.0,0.0,759.0,0.0,387.0,0.0,240.0,0.0,438.0,0.0,519.0,0.0,0.7633,0.628,1.0,1.0,1.0
OP + GFC + ROC - 11,0.4432,0.009,0.7939,0.0309,0.0298,0.9916,1.0,0.4932,0.366,0.7895,1.0,0.5011,0.6299,4.0,698.0,22.0,860.0,0.0,228.0,7.0,388.0,4.0,470.0,15.0,472.0,0.0,0.0162,0.0112,0.0198,0.9896
OP + GFC + ROC - 17,0.5221,0.686,0.0577,1.0,1.0,0.0,0.0,0.4713,0.5997,0.5287,0.4003,0.0,0.0,827.0,0.0,757.0,0.0,376.0,0.0,251.0,0.0,451.0,0.0,506.0,0.0,0.7498,0.6406,1.0,1.0,1.0
OP + PR - 3,0.3321,0.2871,0.5467,0.6551,0.4417,0.6689,0.8243,0.3386,0.3222,0.701,0.6092,0.6208,0.7042,213.0,313.0,446.0,612.0,68.0,134.0,106.0,319.0,145.0,179.0,340.0,293.0,0.2424,0.3142,0.2775,0.5068,0.9774
OP + PR - 11,0.327,0.321,0.5464,0.6577,0.5745,0.6996,0.7191,0.3215,0.3355,0.6905,0.5533,0.6673,0.7361,252.0,266.0,454.0,612.0,109.0,100.0,135.0,279.0,143.0,166.0,319.0,333.0,0.3449,0.3049,0.3917,0.4807,0.9819
OP + PR - 17,0.3428,0.3314,0.5032,0.7075,0.4542,0.6231,0.766,0.3323,0.3589,0.678,0.5644,0.655,0.6776,258.0,285.0,472.0,569.0,88.0,137.0,114.0,288.0,170.0,148.0,358.0,281.0,0.3045,0.3473,0.3222,0.5517,0.9721
OP + PR + EOP - 3,0.6193,0.6784,0.1844,0.5511,0.5333,0.242,0.2145,0.5904,0.6635,0.4628,0.2963,0.3127,0.4256,636.0,345.0,414.0,189.0,304.0,112.0,128.0,83.0,332.0,233.0,286.0,106.0,0.7424,0.6288,0.689,0.6458,0.8259
OP + PR + EOP - 11,0.6503,0.6953,0.2114,0.4577,0.4255,0.2584,0.2809,0.641,0.6645,0.3861,0.2639,0.3187,0.4467,632.0,398.0,322.0,232.0,279.0,135.0,100.0,109.0,353.0,263.0,222.0,123.0,0.7275,0.6717,0.6083,0.5983,0.8681
OP + PR + EOP - 17,0.6174,0.6525,0.2329,0.4466,0.4861,0.3016,0.3245,0.6217,0.6108,0.4177,0.3245,0.3269,0.4861,569.0,409.0,348.0,258.0,254.0,129.0,122.0,122.0,315.0,280.0,226.0,136.0,0.6755,0.6351,0.5997,0.5653,0.821
OP + PR + CEOP - 3,0.666,0.6955,0.2021,0.3353,0.5583,0.3493,0.1757,0.6583,0.6778,0.3791,0.2958,0.3072,0.3908,604.0,451.0,308.0,221.0,319.0,106.0,134.0,68.0,285.0,345.0,174.0,153.0,0.7595,0.6355,0.7225,0.4796,0.9533
OP + PR + CEOP - 11,0.673,0.704,0.2193,0.3423,0.4426,0.3004,0.2706,0.6785,0.6645,0.3327,0.2687,0.3095,0.4449,616.0,450.0,270.0,248.0,283.0,131.0,104.0,105.0,333.0,319.0,166.0,143.0,0.7303,0.6831,0.6212,0.5193,0.975
OP + PR + CEOP - 17,0.654,0.678,0.2233,0.2925,0.5976,0.3769,0.2128,0.6677,0.6332,0.345,0.3363,0.322,0.442,577.0,459.0,298.0,250.0,296.0,101.0,150.0,80.0,281.0,358.0,148.0,170.0,0.7202,0.6386,0.7113,0.4483,0.9528
OP + PR + ROC - 3,0.6408,0.6437,0.2676,0.3449,0.3292,0.3311,0.4289,0.6614,0.6093,0.3792,0.2633,0.299,0.5076,514.0,501.0,258.0,311.0,221.0,161.0,79.0,166.0,293.0,340.0,179.0,145.0,0.6434,0.644,0.4785,0.4932,0.9684
OP + PR + ROC - 11,0.6591,0.6805,0.2494,0.3608,0.3234,0.2941,0.384,0.6722,0.6388,0.3425,0.2413,0.3111,0.4838,575.0,469.0,251.0,289.0,239.0,159.0,76.0,149.0,336.0,310.0,175.0,140.0,0.6799,0.6809,0.5056,0.5317,0.9745
OP + PR + ROC - 17,0.661,0.6695,0.2449,0.33,0.3466,0.3171,0.3723,0.6761,0.638,0.3516,0.2693,0.2967,0.4605,544.0,503.0,254.0,283.0,236.0,164.0,87.0,140.0,308.0,339.0,167.0,143.0,0.6753,0.6652,0.5152,0.4963,0.9681
OP + EGR - 3,0.6503,0.6671,0.2376,0.3699,0.3833,0.3014,0.3566,0.6614,0.6332,0.3855,0.2698,0.2876,0.4825,555.0,475.0,284.0,270.0,249.0,148.0,92.0,138.0,306.0,327.0,192.0,132.0,0.6841,0.6538,0.5439,0.5204,0.9527
OP + EGR - 11,0.6629,0.6844,0.246,0.3485,0.3404,0.2941,0.3737,0.6785,0.6388,0.3347,0.2477,0.307,0.4833,579.0,471.0,249.0,285.0,243.0,155.0,80.0,145.0,336.0,316.0,169.0,140.0,0.6835,0.685,0.5185,0.5255,0.9607
OP + EGR - 17,0.6578,0.6827,0.2187,0.3874,0.4064,0.2772,0.3165,0.6646,0.6475,0.3755,0.2841,0.2874,0.444,583.0,459.0,298.0,244.0,257.0,149.0,102.0,119.0,326.0,310.0,196.0,125.0,0.6993,0.6701,0.5726,0.5455,0.9178
OP + EGR + EOP - 3,0.6345,0.6489,0.2537,0.3796,0.3833,0.347,0.3566,0.6353,0.6332,0.4079,0.2698,0.3207,0.4825,535.0,470.0,289.0,290.0,249.0,148.0,92.0,138.0,286.0,322.0,197.0,152.0,0.6841,0.6211,0.5439,0.5047,0.8653
OP + EGR + EOP - 11,0.6389,0.6562,0.2729,0.3588,0.3404,0.3634,0.3737,0.6389,0.6388,0.3648,0.2477,0.3574,0.4833,546.0,466.0,254.0,318.0,243.0,155.0,80.0,145.0,303.0,311.0,174.0,173.0,0.6835,0.6359,0.5185,0.4964,0.8283
OP + EGR + EOP - 17,0.6515,0.6718,0.2319,0.3715,0.4064,0.3171,0.3165,0.6541,0.6475,0.379,0.2841,0.3102,0.444,565.0,467.0,290.0,262.0,257.0,149.0,102.0,119.0,308.0,318.0,188.0,143.0,0.6993,0.6505,0.5726,0.5183,0.8706
OP + EGR + CEOP - 3,0.6534,0.6523,0.2648,0.2794,0.3917,0.411,0.3359,0.6604,0.6427,0.3598,0.2678,0.3249,0.471,515.0,520.0,239.0,310.0,257.0,146.0,94.0,130.0,258.0,374.0,145.0,180.0,0.6965,0.6136,0.5598,0.4211,0.8751
OP + EGR + CEOP - 11,0.6597,0.6616,0.2823,0.2619,0.3191,0.3887,0.3918,0.6753,0.6356,0.3038,0.2412,0.3407,0.4872,527.0,518.0,202.0,337.0,236.0,160.0,75.0,152.0,291.0,358.0,127.0,185.0,0.6753,0.651,0.4992,0.435,0.8833
OP + EGR + CEOP - 17,0.6641,0.6903,0.2111,0.334,0.5139,0.3171,0.242,0.674,0.6491,0.3543,0.3116,0.2979,0.4272,593.0,459.0,298.0,234.0,285.0,122.0,129.0,91.0,308.0,337.0,169.0,143.0,0.7215,0.6638,0.6603,0.4984,0.9497
OP + EGR + ROC - 3,0.654,0.6719,0.2329,0.3661,0.3917,0.3059,0.3359,0.6614,0.6427,0.3846,0.2678,0.2894,0.471,561.0,475.0,284.0,264.0,257.0,146.0,94.0,130.0,304.0,329.0,190.0,134.0,0.6965,0.6524,0.5598,0.5162,0.9629
OP + EGR + ROC - 11,0.6717,0.6984,0.2289,0.3546,0.366,0.2773,0.3351,0.6837,0.6533,0.3333,0.25,0.2966,0.4659,602.0,462.0,258.0,262.0,258.0,149.0,86.0,130.0,344.0,313.0,172.0,132.0,0.7049,0.6935,0.5522,0.5369,0.9782
OP + EGR + ROC - 17,0.666,0.6944,0.2054,0.3439,0.5139,0.2993,0.242,0.6771,0.6491,0.3551,0.3116,0.2891,0.4272,601.0,454.0,303.0,226.0,285.0,122.0,129.0,91.0,316.0,332.0,174.0,135.0,0.7215,0.6716,0.6603,0.512,0.975
OP + GSR - 3,0.6635,0.6921,0.2057,0.3468,0.5292,0.3265,0.2145,0.6625,0.6651,0.3789,0.2947,0.2967,0.4235,599.0,452.0,307.0,226.0,304.0,113.0,127.0,83.0,295.0,339.0,180.0,143.0,0.7433,0.6462,0.6874,0.4963,0.9753
OP + GSR - 11,0.6679,0.6945,0.2322,0.3423,0.4,0.3004,0.317,0.6785,0.6517,0.3327,0.2618,0.3095,0.4659,598.0,460.0,260.0,266.0,265.0,141.0,94.0,123.0,333.0,319.0,166.0,143.0,0.7095,0.6831,0.5762,0.5193,0.9785
OP + GSR - 17,0.666,0.6944,0.2054,0.3439,0.5139,0.2993,0.242,0.6771,0.6491,0.3551,0.3116,0.2891,0.4272,601.0,454.0,303.0,226.0,285.0,122.0,129.0,91.0,316.0,332.0,174.0,135.0,0.7215,0.6716,0.6603,0.512,0.975
OP + GSR + EOP - 3,0.6294,0.6812,0.19,0.5067,0.525,0.2397,0.2403,0.6155,0.6507,0.4413,0.3,0.2909,0.4493,627.0,370.0,389.0,198.0,294.0,114.0,126.0,93.0,333.0,256.0,263.0,105.0,0.7286,0.6441,0.6699,0.6228,0.8644
OP + GSR + EOP - 11,0.6509,0.686,0.2306,0.4103,0.4,0.2878,0.317,0.6504,0.6517,0.3699,0.2618,0.3239,0.4659,604.0,427.0,293.0,260.0,265.0,141.0,94.0,123.0,339.0,286.0,199.0,137.0,0.7095,0.6686,0.5762,0.5598,0.8645
OP + GSR + EOP - 17,0.6509,0.6902,0.197,0.4328,0.49,0.2483,0.2633,0.6541,0.6459,0.3925,0.3075,0.2807,0.4361,616.0,415.0,342.0,211.0,277.0,128.0,123.0,99.0,339.0,287.0,219.0,112.0,0.7139,0.672,0.638,0.5831,0.9034
OP + GSR + CEOP - 3,0.6641,0.6963,0.1982,0.3468,0.5708,0.3265,0.186,0.6625,0.6667,0.3789,0.3031,0.2967,0.4114,610.0,442.0,317.0,215.0,315.0,103.0,137.0,72.0,295.0,339.0,180.0,143.0,0.7509,0.6462,0.7209,0.4963,0.9503
OP + GSR + CEOP - 11,0.6673,0.7001,0.2208,0.3423,0.4766,0.3004,0.2732,0.6785,0.6501,0.3327,0.2843,0.3095,0.4629,615.0,442.0,278.0,249.0,282.0,123.0,112.0,106.0,333.0,319.0,166.0,143.0,0.7212,0.6831,0.6324,0.5193,0.9489
OP + GSR + CEOP - 17,0.6591,0.6959,0.1948,0.3439,0.6255,0.2993,0.1968,0.6771,0.6316,0.3551,0.342,0.2891,0.4405,618.0,426.0,331.0,209.0,302.0,94.0,157.0,74.0,316.0,332.0,174.0,135.0,0.7234,0.6716,0.7321,0.512,0.9395
OP + GSR + ROC - 3,0.654,0.6719,0.2329,0.3661,0.3917,0.3059,0.3359,0.6614,0.6427,0.3846,0.2678,0.2894,0.471,561.0,475.0,284.0,264.0,257.0,146.0,94.0,130.0,304.0,329.0,190.0,134.0,0.6965,0.6524,0.5598,0.5162,0.9629
OP + GSR + ROC - 11,0.6679,0.697,0.2275,0.3732,0.366,0.271,0.3351,0.6774,0.6533,0.3428,0.25,0.2979,0.4659,605.0,453.0,267.0,259.0,258.0,149.0,86.0,130.0,347.0,304.0,181.0,129.0,0.7049,0.6912,0.5522,0.5494,0.9782
OP + GSR + ROC - 17,0.6616,0.6732,0.2393,0.33,0.3745,0.3171,0.3511,0.6761,0.6396,0.3516,0.2781,0.2967,0.4567,552.0,496.0,261.0,275.0,244.0,157.0,94.0,132.0,308.0,339.0,167.0,143.0,0.6835,0.6652,0.5391,0.4963,0.9699
DIR - 3,0.6807,0.72,0.2017,0.372,0.4563,0.2748,0.2213,0.6796,0.6828,0.3116,0.2875,0.3315,0.3716,760.0,500.0,330.0,261.0,285.0,137.0,115.0,81.0,475.0,363.0,215.0,180.0,0.7441,0.7063,0.6472,0.5596,0.8616
DIR - 11,0.6688,0.7301,0.1617,0.4958,0.5443,0.1795,0.1937,0.6672,0.6721,0.3623,0.2952,0.2747,0.4066,829.0,409.0,425.0,188.0,308.0,108.0,129.0,74.0,521.0,301.0,296.0,114.0,0.7521,0.7176,0.706,0.6631,0.8693
DIR - 17,0.6699,0.7146,0.194,0.3865,0.5622,0.2626,0.2116,0.6757,0.6587,0.3421,0.295,0.3015,0.4516,765.0,475.0,366.0,245.0,313.0,102.0,131.0,84.0,452.0,373.0,235.0,161.0,0.7444,0.6954,0.7048,0.5627,0.8631
DIR + EOP - 3,0.6542,0.7115,0.1882,0.5069,0.4563,0.2305,0.2213,0.6399,0.6828,0.3676,0.2875,0.3463,0.3716,789.0,422.0,408.0,232.0,285.0,137.0,115.0,81.0,504.0,285.0,293.0,151.0,0.7441,0.6942,0.6472,0.6464,0.8026
DIR + EOP - 11,0.6456,0.7218,0.151,0.6047,0.5443,0.1449,0.1937,0.6323,0.6721,0.3993,0.2952,0.2805,0.4066,851.0,344.0,490.0,166.0,308.0,108.0,129.0,74.0,543.0,236.0,361.0,92.0,0.7521,0.7057,0.706,0.7338,0.8293
DIR + EOP - 17,0.6429,0.7043,0.184,0.5049,0.5622,0.2268,0.2116,0.6347,0.6587,0.3931,0.295,0.3159,0.4516,787.0,403.0,438.0,223.0,313.0,102.0,131.0,84.0,474.0,301.0,307.0,139.0,0.7444,0.6801,0.7048,0.6396,0.8269
DIR + CEOP - 3,0.6748,0.7179,0.1991,0.372,0.5238,0.2748,0.2049,0.6796,0.665,0.3116,0.3121,0.3315,0.3846,766.0,483.0,347.0,255.0,291.0,120.0,132.0,75.0,475.0,363.0,215.0,180.0,0.7376,0.7063,0.6845,0.5596,0.8552
DIR + CEOP - 11,0.6699,0.7324,0.1576,0.4958,0.5654,0.1795,0.1754,0.6672,0.6753,0.3623,0.2984,0.2747,0.3941,836.0,404.0,430.0,181.0,315.0,103.0,134.0,67.0,521.0,301.0,296.0,114.0,0.7581,0.7176,0.7254,0.6631,0.8632
DIR + CEOP - 17,0.6699,0.7167,0.1894,0.3865,0.5966,0.2626,0.1914,0.6757,0.6587,0.3421,0.3022,0.3015,0.4471,773.0,467.0,374.0,237.0,321.0,94.0,139.0,76.0,452.0,373.0,235.0,161.0,0.7491,0.6954,0.7302,0.5627,0.8572
DIR + ROC - 3,0.6721,0.6979,0.2368,0.3408,0.3571,0.3084,0.3224,0.6764,0.6634,0.3031,0.2663,0.3465,0.4214,701.0,543.0,287.0,320.0,248.0,162.0,90.0,118.0,453.0,381.0,197.0,202.0,0.7045,0.6943,0.5469,0.5272,0.8502
DIR + ROC - 11,0.6742,0.7207,0.19,0.4539,0.3924,0.2063,0.2827,0.6737,0.6753,0.3497,0.2534,0.2867,0.4286,778.0,470.0,364.0,239.0,274.0,144.0,93.0,108.0,504.0,326.0,271.0,131.0,0.7316,0.7149,0.5929,0.6291,0.8571
DIR + ROC - 17,0.6699,0.6989,0.2262,0.3487,0.4206,0.2904,0.3098,0.6806,0.6492,0.3277,0.2634,0.3101,0.4767,709.0,531.0,310.0,301.0,274.0,135.0,98.0,123.0,435.0,396.0,212.0,178.0,0.7126,0.6905,0.5905,0.5299,0.8612
DIR + GFC - 3,0.5764,0.7188,0.0697,0.9135,0.9405,0.0198,0.0164,0.5612,0.6068,0.4513,0.397,0.2063,0.2857,1002.0,65.0,765.0,19.0,360.0,15.0,237.0,6.0,642.0,50.0,528.0,13.0,0.7477,0.7036,0.966,0.9489,0.9659
DIR + GFC - 11,0.591,0.7204,0.0826,0.8442,0.8903,0.0425,0.0393,0.569,0.6349,0.4532,0.3651,0.225,0.3659,975.0,119.0,715.0,42.0,367.0,26.0,211.0,15.0,608.0,93.0,504.0,27.0,0.7646,0.6961,0.9338,0.9026,0.9488
DIR + GFC - 17,0.4538,0.0137,0.7842,0.0066,0.0172,0.9918,0.995,0.4988,0.3667,0.4444,0.6667,0.5017,0.633,7.0,833.0,8.0,1003.0,2.0,229.0,4.0,395.0,5.0,604.0,4.0,608.0,0.0099,0.0161,0.0095,0.0074,0.9961
DIR + GFC + EOP - 3,0.5759,0.7191,0.0681,0.9239,0.9325,0.0092,0.0273,0.562,0.6036,0.4514,0.3976,0.12,0.3704,1005.0,61.0,769.0,16.0,356.0,17.0,235.0,10.0,649.0,44.0,534.0,6.0,0.744,0.7062,0.9563,0.9594,0.9636
DIR + GFC + EOP - 11,0.5781,0.7171,0.0742,0.9079,0.8945,0.0189,0.0393,0.5503,0.6333,0.4652,0.3661,0.1791,0.375,990.0,80.0,754.0,27.0,367.0,25.0,212.0,15.0,623.0,55.0,542.0,12.0,0.7638,0.6922,0.9354,0.9456,0.9554
DIR + GFC + EOP - 17,0.4884,0.5111,0.3846,0.5263,0.4807,0.5253,0.4861,0.4742,0.5159,0.5237,0.3544,0.5279,0.6146,495.0,409.0,432.0,515.0,204.0,121.0,112.0,193.0,291.0,288.0,320.0,322.0,0.5722,0.4755,0.5016,0.5004,0.599
DIR + GFC + CEOP - 3,0.4182,0.0675,0.789,0.1315,0.0754,0.9557,0.9727,0.4307,0.3932,0.7238,0.6552,0.555,0.6044,39.0,735.0,95.0,982.0,10.0,233.0,19.0,356.0,29.0,502.0,76.0,626.0,0.0506,0.0763,0.0469,0.0852,0.949
DIR + GFC + CEOP - 11,0.416,0.0673,0.7863,0.1256,0.1181,0.9654,0.9555,0.4416,0.3651,0.7732,0.6222,0.5401,0.6359,39.0,731.0,103.0,978.0,17.0,209.0,28.0,365.0,22.0,522.0,75.0,613.0,0.0796,0.0601,0.0727,0.0787,0.954
DIR + GFC + CEOP - 17,0.544,0.7043,0.0612,0.9967,1.0,0.0082,0.0,0.4996,0.6302,0.4992,0.3698,0.7143,0.0,1005.0,2.0,839.0,5.0,397.0,0.0,233.0,0.0,608.0,2.0,606.0,5.0,0.7731,0.6656,1.0,0.9943,0.9967
DIR + GFC + ROC - 3,0.4295,0.04,0.7981,0.0709,0.0635,0.9786,0.9781,0.4469,0.3948,0.7455,0.6667,0.5441,0.6027,22.0,773.0,57.0,999.0,8.0,236.0,16.0,358.0,14.0,537.0,41.0,641.0,0.041,0.0394,0.0388,0.0446,0.9723
DIR + GFC + ROC - 11,0.4317,0.0471,0.7898,0.0737,0.0717,0.978,0.9686,0.4602,0.3748,0.7586,0.5862,0.529,0.6271,26.0,773.0,61.0,991.0,12.0,220.0,17.0,370.0,14.0,553.0,44.0,621.0,0.0584,0.0404,0.0468,0.0471,0.973
DIR + GFC + ROC - 17,0.5457,0.7036,0.0651,0.9885,0.9785,0.0114,0.0126,0.502,0.6302,0.4979,0.3677,0.5,0.5,998.0,12.0,829.0,12.0,392.0,5.0,228.0,5.0,606.0,7.0,601.0,7.0,0.7709,0.6659,0.9841,0.9885,0.9944
DIR + PR - 3,0.3193,0.2725,0.6106,0.654,0.3849,0.7282,0.8415,0.3066,0.3447,0.6799,0.6258,0.7046,0.6652,236.0,355.0,475.0,785.0,58.0,155.0,97.0,308.0,178.0,200.0,378.0,477.0,0.2226,0.294,0.2508,0.4509,0.8445
DIR + PR - 11,0.3296,0.2344,0.6516,0.5394,0.3882,0.7858,0.8586,0.3336,0.3215,0.7031,0.6301,0.6447,0.6934,190.0,420.0,414.0,827.0,54.0,145.0,92.0,328.0,136.0,275.0,322.0,499.0,0.2045,0.2489,0.2359,0.3718,0.8565
DIR + PR - 17,0.3414,0.2974,0.5806,0.6135,0.4034,0.6998,0.8136,0.3432,0.3381,0.6697,0.5595,0.6461,0.6991,258.0,374.0,467.0,752.0,74.0,139.0,94.0,323.0,184.0,235.0,373.0,429.0,0.2619,0.3145,0.2667,0.4562,0.864
DIR + PR + EOP - 3,0.6386,0.7015,0.1914,0.5052,0.5635,0.2168,0.2541,0.648,0.6197,0.3627,0.3422,0.3318,0.4581,786.0,396.0,434.0,235.0,273.0,110.0,142.0,93.0,513.0,286.0,292.0,142.0,0.6991,0.7027,0.6715,0.6529,0.7718
DIR + PR + EOP - 11,0.6391,0.7148,0.1594,0.5896,0.5738,0.1732,0.1832,0.625,0.6672,0.4014,0.3036,0.3099,0.4094,837.0,346.0,488.0,180.0,312.0,101.0,136.0,70.0,525.0,245.0,352.0,110.0,0.7518,0.6944,0.7237,0.7119,0.8162
DIR + PR + EOP - 17,0.6251,0.6848,0.2049,0.5016,0.5708,0.2577,0.2469,0.6208,0.6333,0.4013,0.3079,0.3427,0.4949,754.0,403.0,438.0,256.0,299.0,100.0,133.0,98.0,455.0,303.0,305.0,158.0,0.7214,0.6628,0.6857,0.6224,0.8062
DIR + PR + CEOP - 3,0.6764,0.7274,0.1801,0.346,0.7024,0.2718,0.1202,0.6934,0.6424,0.2954,0.3547,0.3201,0.3697,799.0,453.0,377.0,222.0,322.0,75.0,177.0,44.0,477.0,378.0,200.0,178.0,0.7445,0.7162,0.8074,0.5491,0.8394
DIR + PR + CEOP - 11,0.6704,0.7322,0.1587,0.4606,0.6414,0.2142,0.123,0.6664,0.6785,0.3553,0.3121,0.2969,0.3561,834.0,407.0,427.0,183.0,335.0,85.0,152.0,47.0,499.0,322.0,275.0,136.0,0.771,0.7083,0.7868,0.6282,0.8516
DIR + PR + CEOP - 17,0.658,0.7068,0.1965,0.3865,0.6481,0.3002,0.1587,0.6568,0.6603,0.3539,0.3113,0.3303,0.4345,763.0,455.0,386.0,247.0,334.0,82.0,151.0,63.0,429.0,373.0,235.0,184.0,0.7574,0.6719,0.7698,0.5438,0.8574
DIR + PR + ROC - 3,0.6677,0.6899,0.2475,0.3201,0.369,0.3115,0.3634,0.6845,0.6343,0.2909,0.2853,0.3417,0.4555,684.0,552.0,278.0,337.0,233.0,159.0,93.0,133.0,451.0,393.0,185.0,204.0,0.6734,0.6987,0.5275,0.5158,0.8327
DIR + PR + ROC - 11,0.6656,0.7005,0.2222,0.397,0.3755,0.2709,0.3168,0.668,0.6607,0.3386,0.2543,0.3233,0.4498,724.0,508.0,326.0,293.0,261.0,148.0,89.0,121.0,463.0,360.0,237.0,172.0,0.7131,0.6936,0.5654,0.5682,0.8458
DIR + PR + ROC - 17,0.6586,0.7049,0.2011,0.4523,0.4378,0.2202,0.3023,0.6642,0.6476,0.3652,0.2691,0.2885,0.4781,755.0,464.0,377.0,255.0,277.0,131.0,102.0,120.0,478.0,333.0,275.0,135.0,0.7139,0.6999,0.6016,0.6167,0.8585
DIR + EGR - 3,0.6802,0.7186,0.204,0.3685,0.4524,0.2656,0.2486,0.6861,0.6683,0.3069,0.2931,0.3228,0.3974,756.0,503.0,327.0,265.0,275.0,138.0,114.0,91.0,481.0,365.0,213.0,174.0,0.7285,0.7131,0.6294,0.5629,0.8417
DIR + EGR - 11,0.6618,0.7254,0.1635,0.5193,0.5316,0.189,0.1832,0.651,0.6834,0.3758,0.2877,0.2948,0.3867,827.0,398.0,436.0,190.0,312.0,111.0,126.0,70.0,515.0,287.0,310.0,120.0,0.761,0.7055,0.7076,0.6696,0.8699
DIR + EGR - 17,0.6677,0.7141,0.1925,0.4095,0.5322,0.2659,0.199,0.6626,0.6778,0.3562,0.2805,0.3123,0.4202,768.0,468.0,373.0,242.0,318.0,109.0,124.0,79.0,450.0,359.0,249.0,163.0,0.758,0.686,0.7016,0.5725,0.8568
DIR + EGR + EOP - 3,0.6656,0.7175,0.1887,0.4671,0.4524,0.2183,0.2514,0.665,0.6667,0.3453,0.2938,0.3171,0.4,786.0,446.0,384.0,235.0,274.0,138.0,114.0,92.0,512.0,308.0,270.0,143.0,0.7268,0.7126,0.6278,0.6342,0.817
DIR + EGR + EOP - 11,0.6364,0.7135,0.159,0.6164,0.5316,0.1717,0.1832,0.6128,0.6834,0.4116,0.2877,0.3225,0.3867,838.0,340.0,494.0,179.0,312.0,111.0,126.0,70.0,526.0,229.0,368.0,109.0,0.761,0.688,0.7076,0.7256,0.832
DIR + EGR + EOP - 17,0.6402,0.7027,0.1842,0.5247,0.5322,0.2349,0.199,0.6208,0.6778,0.4048,0.2805,0.3326,0.4202,787.0,398.0,443.0,223.0,318.0,109.0,124.0,79.0,469.0,289.0,319.0,144.0,0.758,0.6695,0.7016,0.6454,0.8218
DIR + EGR + CEOP - 3,0.6721,0.7144,0.2034,0.3997,0.4524,0.2626,0.2459,0.6732,0.6699,0.3235,0.2923,0.3314,0.3947,759.0,485.0,345.0,262.0,276.0,138.0,114.0,90.0,483.0,347.0,231.0,172.0,0.7302,0.7056,0.6311,0.5791,0.8425
DIR + EGR + CEOP - 11,0.6478,0.7194,0.1594,0.5745,0.5401,0.1748,0.1832,0.6315,0.6801,0.3956,0.2909,0.3041,0.3911,836.0,363.0,471.0,181.0,312.0,109.0,128.0,70.0,524.0,254.0,343.0,111.0,0.7591,0.6977,0.7108,0.7037,0.865
DIR + EGR + CEOP - 17,0.6618,0.7107,0.1926,0.4309,0.5279,0.2594,0.2065,0.6552,0.6746,0.3659,0.2808,0.3149,0.4271,769.0,456.0,385.0,241.0,315.0,110.0,123.0,82.0,454.0,346.0,262.0,159.0,0.7545,0.6832,0.6952,0.5864,0.8493
DIR + EGR + ROC - 3,0.6829,0.7256,0.1923,0.41,0.4167,0.2244,0.2678,0.6886,0.6715,0.3181,0.2815,0.3012,0.4,776.0,488.0,342.0,245.0,268.0,147.0,105.0,98.0,508.0,341.0,237.0,147.0,0.7253,0.7257,0.6036,0.6042,0.8422
DIR + EGR + ROC - 11,0.6618,0.7281,0.1572,0.5327,0.5443,0.178,0.1728,0.6502,0.685,0.3786,0.2899,0.2883,0.3793,838.0,387.0,447.0,179.0,316.0,108.0,129.0,66.0,522.0,279.0,318.0,113.0,0.7642,0.7078,0.7189,0.6818,0.8773
DIR + EGR + ROC - 17,0.6688,0.7179,0.1855,0.4342,0.5107,0.2235,0.2343,0.6716,0.6635,0.3568,0.2813,0.2848,0.4493,780.0,458.0,383.0,230.0,304.0,114.0,119.0,93.0,476.0,344.0,264.0,137.0,0.7415,0.7036,0.6714,0.6061,0.8605
DIR + GSR - 3,0.6726,0.7112,0.2108,0.3737,0.4563,0.2748,0.2596,0.6788,0.6602,0.3126,0.2979,0.3321,0.4095,746.0,499.0,331.0,275.0,271.0,137.0,115.0,95.0,475.0,362.0,216.0,180.0,0.7207,0.7058,0.6246,0.5604,0.8429
DIR + GSR - 11,0.6559,0.7185,0.1719,0.5176,0.5232,0.2094,0.1859,0.6412,0.685,0.381,0.2851,0.3159,0.3859,813.0,401.0,433.0,204.0,311.0,113.0,124.0,71.0,502.0,288.0,309.0,133.0,0.7613,0.6943,0.7027,0.6583,0.8744
DIR + GSR - 17,0.6586,0.7027,0.2057,0.4079,0.5193,0.2887,0.2166,0.6519,0.6714,0.3626,0.2801,0.3296,0.4343,747.0,472.0,369.0,263.0,311.0,112.0,121.0,86.0,436.0,360.0,248.0,177.0,0.7503,0.6723,0.6857,0.5602,0.8526
DIR + GSR + EOP - 3,0.6483,0.7012,0.2033,0.4827,0.4563,0.2473,0.2596,0.6423,0.6602,0.3614,0.2979,0.3514,0.4095,764.0,436.0,394.0,257.0,271.0,137.0,115.0,95.0,493.0,299.0,279.0,162.0,0.7207,0.691,0.6246,0.6261,0.8035
DIR + GSR + EOP - 11,0.6451,0.716,0.1642,0.5762,0.5232,0.1858,0.1859,0.625,0.685,0.3995,0.2851,0.3181,0.3859,828.0,366.0,468.0,189.0,311.0,113.0,124.0,71.0,517.0,253.0,344.0,118.0,0.7613,0.6912,0.7027,0.6989,0.8259
DIR + GSR + EOP - 17,0.638,0.6957,0.1967,0.5016,0.5193,0.2577,0.2166,0.6208,0.6714,0.4013,0.2801,0.3427,0.4343,766.0,415.0,426.0,244.0,311.0,112.0,121.0,86.0,455.0,303.0,305.0,158.0,0.7503,0.6628,0.6857,0.6224,0.8051
DIR + GSR + CEOP - 3,0.6677,0.7119,0.2034,0.3737,0.5476,0.2748,0.2213,0.6788,0.6456,0.3126,0.3262,0.3321,0.4154,760.0,476.0,354.0,261.0,285.0,114.0,138.0,81.0,475.0,362.0,216.0,180.0,0.7224,0.7058,0.6845,0.5604,0.8362
DIR + GSR + CEOP - 11,0.6553,0.7207,0.1663,0.5176,0.5696,0.2094,0.1597,0.6412,0.6834,0.381,0.2961,0.3159,0.3742,823.0,390.0,444.0,194.0,321.0,102.0,135.0,61.0,502.0,288.0,309.0,133.0,0.7661,0.6943,0.7367,0.6583,0.867
DIR + GSR + CEOP - 17,0.658,0.7046,0.2011,0.4079,0.5579,0.2887,0.1965,0.6519,0.6698,0.3626,0.2895,0.3296,0.4309,755.0,463.0,378.0,255.0,319.0,103.0,130.0,78.0,436.0,360.0,248.0,177.0,0.7541,0.6723,0.7127,0.5602,0.8486
DIR + GSR + ROC - 3,0.6542,0.6621,0.2836,0.3028,0.2817,0.3603,0.4317,0.6667,0.6294,0.2946,0.2545,0.3693,0.4661,627.0,584.0,246.0,394.0,208.0,181.0,71.0,158.0,419.0,403.0,175.0,236.0,0.645,0.6709,0.4515,0.4818,0.8575
DIR + GSR + ROC - 11,0.6521,0.6996,0.2088,0.4841,0.3713,0.2346,0.3089,0.6445,0.6672,0.3729,0.25,0.326,0.4419,750.0,457.0,377.0,267.0,264.0,149.0,88.0,118.0,486.0,308.0,289.0,149.0,0.7193,0.6894,0.5687,0.6291,0.8634
DIR + GSR + ROC - 17,0.6559,0.6921,0.2241,0.3947,0.4421,0.2936,0.2872,0.656,0.6556,0.3566,0.2668,0.3285,0.4672,716.0,498.0,343.0,294.0,283.0,130.0,103.0,114.0,433.0,368.0,240.0,180.0,0.7229,0.6734,0.6127,0.5512,0.8514
Logistic Regression - 3,0.6721,0.7108,0.2109,0.3478,0.5198,0.2962,0.2213,0.6796,0.657,0.3036,0.3149,0.3398,0.401,746.0,498.0,332.0,275.0,285.0,121.0,131.0,81.0,461.0,377.0,201.0,194.0,0.7289,0.7001,0.6731,0.5369,0.8498
Logistic Regression - 11,0.6737,0.7217,0.1872,0.3953,0.5654,0.2551,0.1885,0.6769,0.6672,0.3329,0.3018,0.3098,0.4114,783.0,464.0,370.0,234.0,310.0,103.0,134.0,72.0,473.0,361.0,236.0,162.0,0.7506,0.7039,0.7173,0.5755,0.859
Logistic Regression - 17,0.6677,0.7106,0.2,0.3816,0.5494,0.2741,0.2191,0.6724,0.6587,0.3427,0.2922,0.3088,0.4531,755.0,481.0,360.0,255.0,310.0,105.0,128.0,87.0,445.0,376.0,232.0,168.0,0.7425,0.6899,0.6952,0.5545,0.8595
EOP - 3,0.6461,0.7108,0.1797,0.5398,0.504,0.1954,0.2404,0.6431,0.6521,0.3719,0.3136,0.3249,0.4131,805.0,391.0,439.0,216.0,278.0,125.0,127.0,88.0,527.0,266.0,312.0,128.0,0.7211,0.7055,0.6553,0.6805,0.7864
EOP - 11,0.6424,0.7134,0.1667,0.5611,0.5654,0.1795,0.2068,0.6356,0.6559,0.3914,0.3066,0.3032,0.4341,824.0,365.0,469.0,193.0,303.0,103.0,134.0,79.0,521.0,262.0,335.0,114.0,0.7399,0.6989,0.706,0.6948,0.808
EOP - 17,0.6494,0.7083,0.1829,0.4984,0.5322,0.2072,0.2393,0.6478,0.6524,0.384,0.2911,0.294,0.4657,788.0,414.0,427.0,222.0,302.0,109.0,124.0,95.0,486.0,305.0,303.0,127.0,0.7339,0.6933,0.6762,0.6462,0.8099
CEOP - 3,0.6721,0.7114,0.2097,0.3478,0.5278,0.2962,0.2158,0.6796,0.657,0.3036,0.3167,0.3398,0.399,748.0,496.0,334.0,273.0,287.0,119.0,133.0,79.0,461.0,377.0,201.0,194.0,0.7303,0.7001,0.6796,0.5369,0.8474
CEOP - 11,0.6715,0.7208,0.1864,0.4054,0.5654,0.252,0.1885,0.6737,0.6672,0.3375,0.3018,0.3107,0.4114,785.0,458.0,376.0,232.0,310.0,103.0,134.0,72.0,475.0,355.0,242.0,160.0,0.7506,0.7027,0.7173,0.582,0.8556
CEOP - 17,0.6694,0.7132,0.1963,0.3816,0.5622,0.2741,0.204,0.6724,0.6635,0.3427,0.2931,0.3088,0.4426,761.0,478.0,363.0,249.0,316.0,102.0,131.0,81.0,445.0,376.0,232.0,168.0,0.7488,0.6899,0.7095,0.5545,0.8558
ROC - 3,0.6672,0.6883,0.2499,0.3322,0.3294,0.3191,0.3607,0.6748,0.6521,0.3009,0.2618,0.3513,0.4385,680.0,555.0,275.0,341.0,234.0,169.0,83.0,132.0,446.0,386.0,192.0,209.0,0.6852,0.6899,0.5129,0.5174,0.8415
ROC - 11,0.6515,0.6734,0.2591,0.3451,0.3671,0.3354,0.3639,0.6599,0.6349,0.328,0.2636,0.3526,0.481,665.0,541.0,293.0,352.0,243.0,150.0,87.0,139.0,422.0,391.0,206.0,213.0,0.6826,0.6683,0.5331,0.5097,0.8479
ROC - 17,0.6542,0.6813,0.2432,0.3635,0.3991,0.2871,0.3778,0.6749,0.6143,0.3359,0.2735,0.3126,0.5172,684.0,527.0,314.0,326.0,247.0,140.0,93.0,150.0,437.0,387.0,221.0,176.0,0.6703,0.6876,0.5397,0.5389,0.8552
GFC - 3,0.5716,0.7092,0.0891,0.8702,0.9365,0.0595,0.041,0.5604,0.5939,0.4495,0.402,0.3421,0.4839,967.0,91.0,739.0,54.0,351.0,16.0,236.0,15.0,616.0,75.0,503.0,39.0,0.7366,0.6945,0.9498,0.9075,0.9407
GFC - 11,0.604,0.725,0.0876,0.8007,0.8608,0.0567,0.0393,0.5828,0.6462,0.4438,0.3573,0.2323,0.3125,966.0,152.0,682.0,51.0,367.0,33.0,204.0,15.0,599.0,119.0,478.0,36.0,0.7702,0.6998,0.9225,0.8742,0.9315
GFC - 17,0.4765,0.1215,0.7226,0.0329,0.0258,0.9315,0.937,0.516,0.4,0.3226,0.1935,0.4927,0.621,67.0,815.0,26.0,943.0,25.0,227.0,6.0,372.0,42.0,588.0,20.0,571.0,0.1168,0.1244,0.0492,0.0508,0.9619
GFC + EOP - 3,0.5705,0.7104,0.0846,0.9014,0.9048,0.0412,0.0519,0.5556,0.6003,0.4534,0.3965,0.3214,0.4419,975.0,81.0,749.0,46.0,347.0,24.0,228.0,19.0,628.0,57.0,521.0,27.0,0.7375,0.6962,0.9304,0.9319,0.935
GFC + EOP - 11,0.6018,0.7214,0.0943,0.8023,0.8228,0.0583,0.0681,0.5812,0.643,0.4448,0.3539,0.2387,0.3824,954.0,160.0,674.0,63.0,356.0,42.0,195.0,26.0,598.0,118.0,479.0,37.0,0.7631,0.6986,0.8901,0.8742,0.9008
GFC + EOP - 17,0.4803,0.1487,0.7074,0.0411,0.0472,0.9038,0.937,0.5258,0.3921,0.2976,0.3056,0.4872,0.6263,84.0,805.0,36.0,926.0,25.0,222.0,11.0,372.0,59.0,583.0,25.0,554.0,0.1155,0.1693,0.0571,0.0688,0.9451
GFC + CEOP - 3,0.4106,0.1065,0.7679,0.192,0.0952,0.9298,0.9481,0.4161,0.3997,0.707,0.5581,0.566,0.6035,65.0,695.0,135.0,956.0,19.0,228.0,24.0,347.0,46.0,467.0,111.0,609.0,0.0929,0.1133,0.0696,0.1273,0.9198
GFC + CEOP - 11,0.3944,0.0849,0.7821,0.2161,0.1139,0.9449,0.9555,0.4083,0.3667,0.7866,0.6136,0.5618,0.6348,52.0,678.0,156.0,965.0,17.0,210.0,27.0,365.0,35.0,468.0,129.0,600.0,0.0798,0.0876,0.0711,0.1331,0.9237
GFC + CEOP - 17,0.3706,0.1825,0.7024,0.3717,0.2532,0.8564,0.8942,0.3849,0.3429,0.7197,0.5842,0.5788,0.6711,130.0,556.0,285.0,880.0,42.0,174.0,59.0,355.0,88.0,382.0,226.0,525.0,0.1687,0.1899,0.1603,0.2572,0.8863
GFC + ROC - 3,0.4306,0.0738,0.78,0.1038,0.0595,0.9573,0.9617,0.4428,0.4061,0.6818,0.5172,0.5476,0.5976,42.0,755.0,75.0,979.0,14.0,237.0,15.0,352.0,28.0,518.0,60.0,627.0,0.0709,0.0754,0.0469,0.0714,0.9514
GFC + ROC - 11,0.4046,0.0832,0.7806,0.1792,0.1181,0.9465,0.9581,0.4253,0.3635,0.7589,0.6364,0.5509,0.6365,50.0,699.0,135.0,967.0,16.0,209.0,28.0,366.0,34.0,490.0,107.0,601.0,0.0751,0.0876,0.0711,0.1144,0.9348
GFC + ROC - 17,0.3987,0.0824,0.7758,0.2007,0.133,0.9429,0.9622,0.4267,0.3444,0.7771,0.6739,0.5432,0.6541,50.0,688.0,153.0,960.0,15.0,202.0,31.0,382.0,35.0,486.0,122.0,578.0,0.0677,0.0909,0.073,0.1286,0.9317
PR - 3,0.3285,0.2925,0.5912,0.6505,0.4087,0.7206,0.7978,0.3122,0.3608,0.6726,0.5819,0.7003,0.6621,257.0,351.0,479.0,764.0,74.0,149.0,103.0,292.0,183.0,202.0,376.0,472.0,0.2726,0.3015,0.2864,0.4534,0.8297
PR - 11,0.3225,0.2743,0.606,0.6214,0.4346,0.7291,0.8298,0.3231,0.3215,0.6832,0.6131,0.672,0.7029,237.0,360.0,474.0,780.0,65.0,134.0,103.0,317.0,172.0,226.0,371.0,463.0,0.2364,0.292,0.2714,0.4407,0.8413
PR - 17,0.3479,0.3107,0.568,0.6036,0.4378,0.6917,0.7909,0.3522,0.3397,0.6601,0.5514,0.6376,0.7056,272.0,372.0,469.0,738.0,83.0,131.0,102.0,314.0,189.0,241.0,367.0,424.0,0.2852,0.3234,0.2937,0.4554,0.8518
PR + EOP - 3,0.6467,0.7057,0.1918,0.4931,0.5238,0.2137,0.265,0.6553,0.6294,0.3562,0.3292,0.3233,0.447,784.0,413.0,417.0,237.0,269.0,120.0,132.0,97.0,515.0,293.0,285.0,140.0,0.7014,0.7079,0.6489,0.6488,0.7684
PR + EOP - 11,0.6559,0.718,0.1731,0.5075,0.5401,0.2063,0.1963,0.6477,0.6721,0.3755,0.2943,0.3082,0.4076,811.0,403.0,431.0,206.0,307.0,109.0,128.0,75.0,504.0,294.0,303.0,131.0,0.7515,0.699,0.7027,0.655,0.7961
PR + EOP - 17,0.6337,0.6881,0.2077,0.4901,0.5064,0.2643,0.2519,0.6233,0.654,0.3979,0.2843,0.3432,0.4651,748.0,425.0,416.0,262.0,297.0,115.0,118.0,100.0,451.0,310.0,298.0,162.0,0.7315,0.6623,0.6587,0.6134,0.8015
PR + CEOP - 3,0.6688,0.7163,0.1952,0.3495,0.6508,0.2794,0.1749,0.6878,0.6311,0.2997,0.3519,0.3274,0.4211,774.0,464.0,366.0,247.0,302.0,88.0,164.0,64.0,472.0,376.0,202.0,183.0,0.726,0.7103,0.754,0.5466,0.8256
PR + CEOP - 11,0.6775,0.7235,0.1879,0.3786,0.5696,0.2709,0.1675,0.6769,0.6785,0.328,0.298,0.3168,0.3855,781.0,473.0,361.0,236.0,318.0,102.0,135.0,64.0,463.0,371.0,226.0,172.0,0.7617,0.6994,0.7318,0.5593,0.8408
PR + CEOP - 17,0.6505,0.697,0.2084,0.3964,0.6009,0.3083,0.194,0.6478,0.6556,0.3624,0.3043,0.3399,0.4529,744.0,460.0,381.0,266.0,320.0,93.0,140.0,77.0,424.0,367.0,241.0,189.0,0.7468,0.6635,0.7302,0.5446,0.8441
PR + ROC - 3,0.6542,0.6708,0.2687,0.3183,0.3452,0.3344,0.4098,0.6732,0.6165,0.2968,0.2871,0.3573,0.4762,652.0,559.0,271.0,369.0,216.0,165.0,87.0,150.0,436.0,394.0,184.0,219.0,0.6457,0.6839,0.4903,0.5028,0.8259
PR + ROC - 11,0.6677,0.6993,0.2271,0.3786,0.3671,0.2709,0.3403,0.6769,0.6494,0.328,0.2566,0.3168,0.4643,715.0,521.0,313.0,302.0,252.0,150.0,87.0,130.0,463.0,371.0,226.0,172.0,0.699,0.6994,0.5477,0.5593,0.8331
PR + ROC - 17,0.6537,0.6964,0.2133,0.4457,0.4077,0.2316,0.335,0.6618,0.6381,0.3652,0.2646,0.2965,0.4908,735.0,475.0,366.0,275.0,264.0,138.0,95.0,133.0,471.0,337.0,271.0,142.0,0.6984,0.6952,0.5698,0.6077,0.8533
EGR - 3,0.6618,0.7022,0.2169,0.4187,0.4008,0.2473,0.3306,0.6723,0.6408,0.3293,0.2919,0.3253,0.4449,738.0,487.0,343.0,283.0,245.0,151.0,101.0,121.0,493.0,336.0,242.0,162.0,0.6882,0.7094,0.5599,0.5961,0.8293
EGR - 11,0.6564,0.7064,0.1996,0.4673,0.443,0.2252,0.2853,0.6575,0.6543,0.3619,0.2778,0.3102,0.4523,765.0,450.0,384.0,252.0,273.0,132.0,105.0,109.0,492.0,318.0,279.0,143.0,0.7184,0.6999,0.6107,0.6258,0.8325
EGR - 17,0.6445,0.6893,0.2173,0.4474,0.4549,0.2561,0.3098,0.6486,0.6365,0.3736,0.2789,0.3185,0.492,730.0,463.0,378.0,280.0,274.0,127.0,106.0,123.0,456.0,336.0,272.0,157.0,0.7053,0.6801,0.6032,0.5962,0.8397
EGR + EOP - 3,0.651,0.6897,0.2301,0.4187,0.4008,0.2779,0.3306,0.6561,0.6408,0.3385,0.2919,0.3514,0.4449,718.0,487.0,343.0,303.0,245.0,151.0,101.0,121.0,473.0,336.0,242.0,182.0,0.6882,0.6905,0.5599,0.5799,0.8009
EGR + EOP - 11,0.6337,0.6796,0.2292,0.4606,0.443,0.2976,0.2853,0.6234,0.6543,0.3814,0.2778,0.3699,0.4523,719.0,454.0,380.0,298.0,273.0,132.0,105.0,109.0,446.0,322.0,275.0,189.0,0.7184,0.6578,0.6107,0.5852,0.7772
EGR + EOP - 17,0.6359,0.6784,0.2295,0.4424,0.4549,0.2871,0.3098,0.6355,0.6365,0.381,0.2789,0.3417,0.492,711.0,466.0,375.0,299.0,274.0,127.0,106.0,123.0,437.0,339.0,269.0,176.0,0.7053,0.6626,0.6032,0.5782,0.8012
EGR + CEOP - 3,0.6602,0.6998,0.22,0.4204,0.3889,0.2458,0.347,0.6723,0.6359,0.3297,0.2908,0.3246,0.452,733.0,489.0,341.0,288.0,239.0,154.0,98.0,127.0,494.0,335.0,243.0,161.0,0.6799,0.7098,0.5453,0.5977,0.8387
EGR + CEOP - 11,0.6451,0.705,0.1891,0.5226,0.4768,0.211,0.2565,0.638,0.6591,0.3838,0.2846,0.3198,0.4414,785.0,409.0,425.0,232.0,284.0,124.0,113.0,98.0,501.0,285.0,312.0,134.0,0.7291,0.692,0.6414,0.6599,0.8406
EGR + CEOP - 17,0.6251,0.6778,0.2192,0.5329,0.3863,0.2055,0.3879,0.6314,0.6127,0.3995,0.2703,0.3073,0.5185,730.0,427.0,414.0,280.0,243.0,143.0,90.0,154.0,487.0,284.0,324.0,126.0,0.6658,0.684,0.5286,0.6642,0.8416
EGR + ROC - 3,0.6602,0.6875,0.2441,0.3651,0.3532,0.2931,0.3743,0.6732,0.6343,0.3131,0.2799,0.3435,0.4567,692.0,530.0,300.0,329.0,229.0,163.0,89.0,137.0,463.0,367.0,211.0,192.0,0.6696,0.6968,0.5146,0.5466,0.8385
EGR + ROC - 11,0.658,0.7108,0.1919,0.4707,0.4768,0.222,0.2565,0.6575,0.6591,0.3626,0.2846,0.3085,0.4414,778.0,440.0,394.0,239.0,284.0,124.0,113.0,98.0,494.0,316.0,281.0,141.0,0.7291,0.7007,0.6414,0.6291,0.8528
EGR + ROC - 17,0.6407,0.6643,0.2608,0.3684,0.382,0.323,0.3879,0.6544,0.6143,0.3505,0.2681,0.3402,0.5168,658.0,528.0,313.0,352.0,243.0,144.0,89.0,154.0,415.0,384.0,224.0,198.0,0.6667,0.6629,0.527,0.5233,0.8498
GSR - 3,0.6721,0.7108,0.2109,0.3478,0.5198,0.2962,0.2213,0.6796,0.657,0.3036,0.3149,0.3398,0.401,746.0,498.0,332.0,275.0,285.0,121.0,131.0,81.0,461.0,377.0,201.0,194.0,0.7289,0.7001,0.6731,0.5369,0.8498
GSR - 11,0.6737,0.7217,0.1872,0.3953,0.5654,0.2551,0.1885,0.6769,0.6672,0.3329,0.3018,0.3098,0.4114,783.0,464.0,370.0,234.0,310.0,103.0,134.0,72.0,473.0,361.0,236.0,162.0,0.7506,0.7039,0.7173,0.5755,0.859
GSR - 17,0.6677,0.7106,0.2,0.3816,0.5494,0.2741,0.2191,0.6724,0.6587,0.3427,0.2922,0.3088,0.4531,755.0,481.0,360.0,255.0,310.0,105.0,128.0,87.0,445.0,376.0,232.0,168.0,0.7425,0.6899,0.6952,0.5545,0.8595
GSR + EOP - 3,0.6461,0.7108,0.1797,0.5398,0.504,0.1954,0.2404,0.6431,0.6521,0.3719,0.3136,0.3249,0.4131,805.0,391.0,439.0,216.0,278.0,125.0,127.0,88.0,527.0,266.0,312.0,128.0,0.7211,0.7055,0.6553,0.6805,0.7864
GSR + EOP - 11,0.6424,0.7134,0.1667,0.5611,0.5654,0.1795,0.2068,0.6356,0.6559,0.3914,0.3066,0.3032,0.4341,824.0,365.0,469.0,193.0,303.0,103.0,134.0,79.0,521.0,262.0,335.0,114.0,0.7399,0.6989,0.706,0.6948,0.808
GSR + EOP - 17,0.6494,0.7083,0.1829,0.4984,0.5322,0.2072,0.2393,0.6478,0.6524,0.384,0.2911,0.294,0.4657,788.0,414.0,427.0,222.0,302.0,109.0,124.0,95.0,486.0,305.0,303.0,127.0,0.7339,0.6933,0.6762,0.6462,0.8099
GSR + CEOP - 3,0.6721,0.7114,0.2097,0.3478,0.5278,0.2962,0.2158,0.6796,0.657,0.3036,0.3167,0.3398,0.399,748.0,496.0,334.0,273.0,287.0,119.0,133.0,79.0,461.0,377.0,201.0,194.0,0.7303,0.7001,0.6796,0.5369,0.8474
GSR + CEOP - 11,0.6715,0.7208,0.1864,0.4054,0.5654,0.252,0.1885,0.6737,0.6672,0.3375,0.3018,0.3107,0.4114,785.0,458.0,376.0,232.0,310.0,103.0,134.0,72.0,475.0,355.0,242.0,160.0,0.7506,0.7027,0.7173,0.582,0.8556
GSR + CEOP - 17,0.6694,0.7132,0.1963,0.3816,0.5622,0.2741,0.204,0.6724,0.6635,0.3427,0.2931,0.3088,0.4426,761.0,478.0,363.0,249.0,316.0,102.0,131.0,81.0,445.0,376.0,232.0,168.0,0.7488,0.6899,0.7095,0.5545,0.8558
GSR + ROC - 3,0.6672,0.6883,0.2499,0.3322,0.3294,0.3191,0.3607,0.6748,0.6521,0.3009,0.2618,0.3513,0.4385,680.0,555.0,275.0,341.0,234.0,169.0,83.0,132.0,446.0,386.0,192.0,209.0,0.6852,0.6899,0.5129,0.5174,0.8415
GSR + ROC - 11,0.6515,0.6734,0.2591,0.3451,0.3671,0.3354,0.3639,0.6599,0.6349,0.328,0.2636,0.3526,0.481,665.0,541.0,293.0,352.0,243.0,150.0,87.0,139.0,422.0,391.0,206.0,213.0,0.6826,0.6683,0.5331,0.5097,0.8479
GSR + ROC - 17,0.6542,0.6813,0.2432,0.3635,0.3991,0.2871,0.3778,0.6749,0.6143,0.3359,0.2735,0.3126,0.5172,684.0,527.0,314.0,326.0,247.0,140.0,93.0,150.0,437.0,387.0,221.0,176.0,0.6703,0.6876,0.5397,0.5389,0.8552
